{"stats":{"minecraft:killed_by":{"minecraft:zombie":1},"minecraft:killed":{"minecraft:skeleton":1},"minecraft:custom":{"minecraft:time_since_rest":8505,"minecraft:interact_with_smithing_table":1,"minecraft:crouch_one_cm":246,"minecraft:play_time":9011,"minecraft:sprint_one_cm":14236,"minecraft:deaths":1,"minecraft:damage_taken":250,"minecraft:walk_one_cm":12707,"minecraft:sneak_time":40,"minecraft:walk_under_water_one_cm":1536,"minecraft:mob_kills":1,"minecraft:jump":60,"minecraft:damage_dealt":139,"minecraft:leave_game":2,"minecraft:walk_on_water_one_cm":11596,"minecraft:time_since_death":7859,"minecraft:total_world_time":9011,"minecraft:fly_one_cm":17857},"minecraft:used":{"minecraft:grass_block":1,"minecraft:smithing_table":1},"minecraft:crafted":{"minecraft:leather_helmet":1,"minecraft:leather_leggings":1,"minecraft:leather_boots":1,"minecraft:leather_chestplate":1}},"DataVersion":3465}