{"stats":{"minecraft:picked_up":{"minecraft:crafting_table":1,"minecraft:feather":4,"minecraft:chicken":4,"minecraft:leather":3,"minecraft:porkchop":11,"minecraft:oak_log":10,"minecraft:bone":3,"minecraft:beef":3,"minecraft:sugar_cane":3,"minecraft:mutton":10,"minecraft:white_wool":7,"minecraft:cobblestone":26,"minecraft:egg":1},"minecraft:mined":{"minecraft:crafting_table":1,"minecraft:grass":6,"minecraft:oak_log":10,"minecraft:tall_grass":1,"minecraft:stone":26,"minecraft:oak_leaves":1},"minecraft:killed_by":{"minecraft:zombie":1},"minecraft:killed":{"minecraft:sheep":7,"minecraft:skeleton":1,"minecraft:pig":6,"minecraft:chicken":4,"minecraft:cow":2},"minecraft:custom":{"minecraft:time_since_rest":31933,"minecraft:interact_with_smithing_table":1,"minecraft:damage_absorbed":120,"minecraft:sprint_one_cm":80795,"minecraft:damage_taken":520,"minecraft:walk_one_cm":82816,"minecraft:mob_kills":20,"minecraft:damage_dealt":1659,"minecraft:fly_one_cm":157848,"minecraft:interact_with_crafting_table":1,"minecraft:open_chest":1,"minecraft:crouch_one_cm":656,"minecraft:play_time":32439,"minecraft:deaths":1,"minecraft:sneak_time":380,"minecraft:walk_under_water_one_cm":3031,"minecraft:jump":463,"minecraft:leave_game":3,"minecraft:time_since_death":31287,"minecraft:walk_on_water_one_cm":20077,"minecraft:total_world_time":32439,"minecraft:fall_one_cm":11904},"minecraft:used":{"minecraft:wooden_axe":2,"minecraft:grass_block":1,"minecraft:wooden_pickaxe":26,"minecraft:sugar_cane":4,"minecraft:wooden_sword":46,"minecraft:crafting_table":1,"minecraft:porkchop":3,"minecraft:smithing_table":1},"minecraft:crafted":{"minecraft:wooden_sword":1,"minecraft:oak_planks":40,"minecraft:leather_leggings":1,"minecraft:leather_boots":1,"minecraft:crafting_table":1,"minecraft:stick":8,"minecraft:leather_chestplate":1,"minecraft:wooden_pickaxe":1,"minecraft:wooden_axe":1,"minecraft:leather_helmet":1}},"DataVersion":3465}