{"stats":{"minecraft:picked_up":{"minecraft:bone":2,"minecraft:oak_log":3,"minecraft:sugar_cane":3},"minecraft:mined":{"minecraft:oak_log":3},"minecraft:killed_by":{"minecraft:zombie":1},"minecraft:killed":{"minecraft:skeleton":1},"minecraft:custom":{"minecraft:time_since_rest":13700,"minecraft:interact_with_smithing_table":1,"minecraft:crouch_one_cm":246,"minecraft:sprint_one_cm":27667,"minecraft:play_time":14206,"minecraft:damage_taken":250,"minecraft:deaths":1,"minecraft:walk_one_cm":20207,"minecraft:sneak_time":40,"minecraft:walk_under_water_one_cm":1996,"minecraft:mob_kills":1,"minecraft:jump":99,"minecraft:damage_dealt":139,"minecraft:leave_game":2,"minecraft:walk_on_water_one_cm":15345,"minecraft:time_since_death":13054,"minecraft:total_world_time":14206,"minecraft:fall_one_cm":418,"minecraft:fly_one_cm":25357},"minecraft:used":{"minecraft:grass_block":1,"minecraft:smithing_table":1,"minecraft:sugar_cane":4},"minecraft:crafted":{"minecraft:leather_helmet":1,"minecraft:leather_leggings":1,"minecraft:leather_boots":1,"minecraft:leather_chestplate":1}},"DataVersion":3465}